<?xml version="1.0" encoding="UTF-8" standalone="yes"?><responseWrapper><version>3.0.1</version><hitCount>1</hitCount><request><query>pmcid:PMC3375583</query><dataSet>METADATA</dataSet><resultType>core</resultType><page>1</page></request><resultList><result><id>22294642</id><source>MED</source><pmid>22294642</pmid><pmcid>PMC3375583</pmcid><DOI>10.1136/annrheumdis-2011-200814</DOI><title>Investigation of rheumatoid arthritis susceptibility loci in juvenile idiopathic arthritis confirms high degree of overlap.</title><authorList><author><fullName>Hinks A</fullName><initials>A</initials><lastName>Hinks</lastName></author><author><fullName>Cobb J</fullName><initials>J</initials><lastName>Cobb</lastName></author><author><fullName>Sudman M</fullName><initials>M</initials><lastName>Sudman</lastName></author><author><fullName>Eyre S</fullName><initials>S</initials><lastName>Eyre</lastName></author><author><fullName>Martin P</fullName><initials>P</initials><lastName>Martin</lastName></author><author><fullName>Flynn E</fullName><initials>E</initials><lastName>Flynn</lastName></author><author><fullName>Packham J</fullName><initials>J</initials><lastName>Packham</lastName></author><author><collectiveName>Childhood Arthritis Prospective Study (CAPS)</collectiveName></author><author><collectiveName>UK RA Genetics (UKRAG) Consortium</collectiveName></author><author><collectiveName>British Society of Paediatric and Adolescent Rheumatology (BSPAR) Study Group</collectiveName></author><author><fullName>Barton A</fullName><initials>A</initials><lastName>Barton</lastName></author><author><fullName>Worthington J</fullName><initials>J</initials><lastName>Worthington</lastName></author><author><fullName>Langefeld CD</fullName><initials>CD</initials><lastName>Langefeld</lastName></author><author><fullName>Glass DN</fullName><initials>DN</initials><lastName>Glass</lastName></author><author><fullName>Thompson SD</fullName><initials>SD</initials><lastName>Thompson</lastName></author><author><fullName>Thomson W</fullName><initials>W</initials><lastName>Thomson</lastName></author></authorList><authorString>Hinks A, Cobb J, Sudman M, Eyre S, Martin P, Flynn E, Packham J, Childhood Arthritis Prospective Study (CAPS), UK RA Genetics (UKRAG) Consortium, British Society of Paediatric and Adolescent Rheumatology (BSPAR) Study Group, Barton A, Worthington J, Langefeld CD, Glass DN, Thompson SD, Thomson W.</authorString><journalInfo><issue>7</issue><volume>71</volume><journalIssueId>1940965</journalIssueId><dateOfPublication>2012 Jul</dateOfPublication><monthOfPublication>7</monthOfPublication><yearOfPublication>2012</yearOfPublication><journal><title>Annals of the rheumatic diseases</title><ISOAbbreviation>Ann. Rheum. Dis.</ISOAbbreviation><medlineAbbreviation>Ann Rheum Dis</medlineAbbreviation><NLMid>0372355</NLMid><ISSN>0003-4967</ISSN><ESSN>1468-2060</ESSN></journal></journalInfo><pageInfo>1117-1121</pageInfo><abstractText> OBJECTIVES: Rheumatoid arthritis (RA) shares some similar clinical and pathological features with juvenile idiopathic arthritis (JIA); indeed, the strategy of investigating whether RA susceptibility loci also confer susceptibility to JIA has already proved highly successful in identifying novel JIA loci. A plethora of newly validated RA loci has been reported in the past year. Therefore, the aim of this study was to investigate these single nucleotide polymorphisms (SNP) to determine if they were also associated with JIA. METHODS: Thirty-four SNP that showed validated association with RA and had not been investigated previously in the UK JIA cohort were genotyped in JIA cases (n=1242), healthy controls (n=4281), and data were extracted for approximately 5380 UK Caucasian controls from the Wellcome Trust Case-Control Consortium 2. Genotype and allele frequencies were compared between cases with JIA and controls using PLINK. A replication cohort of 813 JIA cases and 3058 controls from the USA was available for validation of any significant findings. RESULTS: Thirteen SNP showed significant association (p&lt;0.05) with JIA and for all but one the direction of association was the same as in RA. Of the eight loci that were tested, three showed significant association in the US cohort. CONCLUSIONS: A novel JIA susceptibility locus was identified, CD247, which represents another JIA susceptibility gene whose protein product is important in T-cell activation and signalling. The authors have also confirmed association of the PTPN2 and IL2RA genes with JIA, both reaching genome-wide significance in the combined analysis.</abstractText><affiliation>Arthritis Research UK Epidemiology Unit, Manchester Academic Health Science Centre, University of Manchester, Manchester, UK. anne.hinks@manchester.ac.uk</affiliation><language>eng</language><pubModel>Print-Electronic</pubModel><pubTypeList><pubType>Journal Article</pubType><pubType>Research Support, Non-U.S. Gov't</pubType><pubType>Research Support, N.I.H., Extramural</pubType></pubTypeList><grantsList><grant><grantId>085475</grantId><agency>Wellcome Trust</agency><orderIn>1</orderIn></grant><grant><grantId>17552</grantId><agency>Arthritis Research UK</agency><orderIn>2</orderIn></grant><grant><grantId>17552</grantId><agency>Arthritis Research UK</agency><orderIn>3</orderIn></grant><grant><grantId>K23-AR-50177</grantId><agency>NIAMS NIH HHS</agency><acronym>AR</acronym><orderIn>4</orderIn></grant><grant><grantId>N01-AR-42272</grantId><agency>NIAMS NIH HHS</agency><acronym>AR</acronym><orderIn>5</orderIn></grant><grant><grantId>P01-AR048929</grantId><agency>NIAMS NIH HHS</agency><acronym>AR</acronym><orderIn>6</orderIn></grant><grant><grantId>P30-AR-473639</grantId><agency>NIAMS NIH HHS</agency><acronym>AR</acronym><orderIn>7</orderIn></grant><grant><grantId>R01-AR-057106</grantId><agency>NIAMS NIH HHS</agency><acronym>AR</acronym><orderIn>8</orderIn></grant><grant><grantId>RC1-AR-058587</grantId><agency>NIAMS NIH HHS</agency><acronym>AR</acronym><orderIn>9</orderIn></grant></grantsList><meshHeadingList><meshHeading><majorTopic_YN>N</majorTopic_YN><descriptorName>Humans</descriptorName></meshHeading><meshHeading><majorTopic_YN>N</majorTopic_YN><descriptorName>Arthritis, Juvenile Rheumatoid</descriptorName><meshQualifierList><meshQualifier><abbreviation>DI</abbreviation><qualifierName>diagnosis</qualifierName><majorTopic_YN>N</majorTopic_YN></meshQualifier><meshQualifier><abbreviation>GE</abbreviation><qualifierName>genetics</qualifierName><majorTopic_YN>Y</majorTopic_YN></meshQualifier><meshQualifier><abbreviation>ME</abbreviation><qualifierName>metabolism</qualifierName><majorTopic_YN>N</majorTopic_YN></meshQualifier></meshQualifierList></meshHeading><meshHeading><majorTopic_YN>N</majorTopic_YN><descriptorName>Disease Progression</descriptorName></meshHeading><meshHeading><majorTopic_YN>Y</majorTopic_YN><descriptorName>Genetic Predisposition to Disease</descriptorName></meshHeading><meshHeading><majorTopic_YN>N</majorTopic_YN><descriptorName>Antigens, CD3</descriptorName><meshQualifierList><meshQualifier><abbreviation>GE</abbreviation><qualifierName>genetics</qualifierName><majorTopic_YN>N</majorTopic_YN></meshQualifier><meshQualifier><abbreviation>ME</abbreviation><qualifierName>metabolism</qualifierName><majorTopic_YN>N</majorTopic_YN></meshQualifier></meshQualifierList></meshHeading><meshHeading><majorTopic_YN>N</majorTopic_YN><descriptorName>Gene Frequency</descriptorName></meshHeading><meshHeading><majorTopic_YN>N</majorTopic_YN><descriptorName>Genotype</descriptorName></meshHeading><meshHeading><majorTopic_YN>Y</majorTopic_YN><descriptorName>Polymorphism, Single Nucleotide</descriptorName></meshHeading><meshHeading><majorTopic_YN>N</majorTopic_YN><descriptorName>Adolescent</descriptorName></meshHeading><meshHeading><majorTopic_YN>N</majorTopic_YN><descriptorName>Child</descriptorName></meshHeading><meshHeading><majorTopic_YN>N</majorTopic_YN><descriptorName>Child, Preschool</descriptorName></meshHeading><meshHeading><majorTopic_YN>N</majorTopic_YN><descriptorName>Interleukin-2 Receptor alpha Subunit</descriptorName><meshQualifierList><meshQualifier><abbreviation>GE</abbreviation><qualifierName>genetics</qualifierName><majorTopic_YN>N</majorTopic_YN></meshQualifier><meshQualifier><abbreviation>ME</abbreviation><qualifierName>metabolism</qualifierName><majorTopic_YN>N</majorTopic_YN></meshQualifier></meshQualifierList></meshHeading><meshHeading><majorTopic_YN>N</majorTopic_YN><descriptorName>Protein Tyrosine Phosphatase, Non-Receptor Type 2</descriptorName><meshQualifierList><meshQualifier><abbreviation>GE</abbreviation><qualifierName>genetics</qualifierName><majorTopic_YN>N</majorTopic_YN></meshQualifier><meshQualifier><abbreviation>ME</abbreviation><qualifierName>metabolism</qualifierName><majorTopic_YN>N</majorTopic_YN></meshQualifier></meshQualifierList></meshHeading><meshHeading><majorTopic_YN>N</majorTopic_YN><descriptorName>Genome-Wide Association Study</descriptorName></meshHeading></meshHeadingList><chemicalList><chemical><name>CD3 antigen, zeta chain</name><registryNumber>0</registryNumber></chemical><chemical><name>Antigens, CD3</name><registryNumber>0</registryNumber></chemical><chemical><name>IL2RA protein, human</name><registryNumber>0</registryNumber></chemical><chemical><name>Interleukin-2 Receptor alpha Subunit</name><registryNumber>0</registryNumber></chemical><chemical><name>PTPN2 protein, human</name><registryNumber>EC 3.1.3.48</registryNumber></chemical><chemical><name>Protein Tyrosine Phosphatase, Non-Receptor Type 2</name><registryNumber>EC 3.1.3.48</registryNumber></chemical></chemicalList><subsetList><subset><code>IM</code><name>Index Medicus</name></subset></subsetList><fullTextUrlList><fullTextUrl><availability>Free</availability><availabilityCode>F</availabilityCode><documentStyle>html</documentStyle><site>PubMedCentral</site><url>http://www.pubmedcentral.nih.gov/articlerender.fcgi?tool=EBI&amp;pubmedid=22294642</url></fullTextUrl><fullTextUrl><availability>Free</availability><availabilityCode>F</availabilityCode><documentStyle>pdf</documentStyle><site>PubMedCentral</site><url>http://www.pubmedcentral.nih.gov/picrender.fcgi?tool=EBI&amp;pubmedid=22294642&amp;action=stream&amp;blobtype=pdf</url></fullTextUrl><fullTextUrl><availability>Free</availability><availabilityCode>F</availabilityCode><documentStyle>pdf</documentStyle><site>Europe_PMC</site><url>http://europepmc.org/articles/PMC3375583?pdf=render</url></fullTextUrl><fullTextUrl><availability>Subscription required</availability><availabilityCode>S</availabilityCode><documentStyle>doi</documentStyle><site>bmjjournals.com</site><url>http://dx.doi.org/10.1136/annrheumdis-2011-200814</url></fullTextUrl><fullTextUrl><availability>Free</availability><availabilityCode>F</availabilityCode><documentStyle>html</documentStyle><site>Europe_PMC</site><url>http://europepmc.org/articles/PMC3375583</url></fullTextUrl></fullTextUrlList><inEPMC>Y</inEPMC><inPMC>Y</inPMC><citedByCount>0</citedByCount><hasReferences>Y</hasReferences><hasTextMinedTerms>Y</hasTextMinedTerms><hasDbCrossReferences>Y</hasDbCrossReferences><dbCrossReferenceList><dbName>UNIPROT</dbName></dbCrossReferenceList><dateOfCompletion>2012-08-21T00:00:00+01:00</dateOfCompletion><dateOfCreation>2012-06-14T00:00:00+01:00</dateOfCreation><luceneScore>17490.996</luceneScore><europepmcUrl>http://europepmc.org/articles/PMC3375583</europepmcUrl>
</result></resultList></responseWrapper>