<?xml version="1.0" encoding="utf-8" ?>

<mets ID="OA-RJ_Broker_mets" OBJID="sword-mets" LABEL="OA-RJ SWORD Item" PROFILE="RJB METS SIP Profile 1.0" xsi:schemaLocation="http://www.loc.gov/METS/ http://www.loc.gov/standards/mets/mets.xsd" xmlns="http://www.loc.gov/METS/" xmlns:xlink="http://www.w3.org/1999/xlink" xmlns:xsi="http://www.w3.org/2001/XMLSchema-instance"><metsHdr CREATEDATE="2013-01-23T11:54:48Z"><agent ROLE="CUSTODIAN" TYPE="ORGANIZATION"><name>OARJ Broker</name></agent></metsHdr><dmdSec ID="sword-mets-dmd-eprint-337" GROUPID="sword-mets-dmd-eprint-337_group-1"><mdWrap LABEL="SWAP Metadata" MDTYPE="OTHER" OTHERMDTYPE="EPDCX" MIMETYPE="text/xml"><xmlData><epdcx:descriptionSet xsi:schemaLocation="http://purl.org/eprint/epdcx/2006-11-16/ http://purl.org/eprint/epdcx/xsd/2006-11-16/epdcx.xsd http://opendepot.org/broker/xsd/1.0 http://opendepot.org/broker/xsd/1.0/oarj.xsd" xmlns:epdcx="http://purl.org/eprint/epdcx/2006-11-16/" xmlns:oarj="http://opendepot.org/broker/xsd/1.0"><epdcx:description epdcx:resourceId="sword-mets-epdcx-1" epdcx:resourceURI="http://devel.edina.ac.uk:1203/337/"><epdcx:statement epdcx:propertyURI="http://purl.org/dc/elements/1.1/type" epdcx:valueURI="http://purl.org/eprint/entityType/ScholarlyWork"></epdcx:statement><epdcx:statement epdcx:propertyURI="http://purl.org/dc/elements/1.1/identifier"><epdcx:valueString>2013-01-526376837</epdcx:valueString></epdcx:statement><epdcx:statement epdcx:propertyURI="http://purl.org/dc/elements/1.1/title"><epdcx:valueString>Repnet test article</epdcx:valueString></epdcx:statement><epdcx:statement epdcx:propertyURI="http://purl.org/dc/elements/1.1/creator" epdcx:valueRef="YafflePicusviridis"><epdcx:valueString>Picus viridis, Yaffle</epdcx:valueString></epdcx:statement><epdcx:statement epdcx:propertyURI="http://purl.org/dc/elements/1.1/creator" epdcx:valueRef="IanStuart"><epdcx:valueString>Stuart, Ian</epdcx:valueString></epdcx:statement><epdcx:statement epdcx:propertyURI="http://purl.org/dc/terms/abstract"><epdcx:valueString>This is a test deposit that has been crafted to be pushed into the Repository Junction Broker and test the ORI lexography, the subscription configuration records, the transfer process, and the review process.</epdcx:valueString></epdcx:statement><epdcx:statement epdcx:propertyURI="http://purl.org/eprint/terms/affiliatedInstitution"><epdcx:valueString>UK RepositoryNet+</epdcx:valueString></epdcx:statement><epdcx:statement epdcx:propertyURI="http://purl.org/eprint/terms/affiliatedInstitution"><epdcx:valueString>EDINA</epdcx:valueString></epdcx:statement><epdcx:statement epdcx:propertyURI="http://purl.org/eprint/terms/isExpressedAs" epdcx:valueURI="sword-mets-expr-1"></epdcx:statement></epdcx:description><epdcx:description epdcx:resourceId="sword-mets-expr-1"><epdcx:statement epdcx:propertyURI="http://purl.org/dc/elements/1.1/type" epdcx:vesURI="http://purl.org/eprint/terms/Type" epdcx:valueURI="http://purl.org/eprint/entityType/Expression"></epdcx:statement><epdcx:statement epdcx:propertyURI="http://purl.org/dc/elements/1.1/type" epdcx:valueURI="http://purl.org/eprint/entityType/JournalArticle"></epdcx:statement><epdcx:statement epdcx:propertyURI="http://purl.org/dc/terms/bibliographicCitation"><epdcx:valueString>RepositoryNet+</epdcx:valueString></epdcx:statement><epdcx:statement epdcx:propertyURI="http://purl.org/dc/elements/1.1/identifier"><epdcx:valueString>http://devel.edina.ac.uk:1203/337/</epdcx:valueString></epdcx:statement><epdcx:statement epdcx:propertyURI="http://purl.org/eprint/terms/status" epdcx:vesURI="http://purl.org/eprint/terms/status" epdcx:valueURI="http://purl.org/eprint/status/PeerReviewed"></epdcx:statement><epdcx:statement epdcx:propertyURI="http://purl.org/dc/elements/1.1/publisher"><epdcx:valueString>repnet</epdcx:valueString></epdcx:statement><epdcx:statement epdcx:propertyURI="http://www.loc.gov/loc.terms/relators/EDT"><epdcx:valueString>UK repositoryNet+</epdcx:valueString></epdcx:statement><epdcx:statement epdcx:propertyURI="http://purl.org/dc/terms/available"><epdcx:valueString epdcx:sesURI="http://purl.org/dc/terms/W3CDTF">2013-01-10</epdcx:valueString></epdcx:statement><epdcx:statement epdcx:propertyURI="http://purl.org/eprint/terms/isManifestAs" epdcx:valueURI="sword-mets-manif-1"></epdcx:statement></epdcx:description><epdcx:description epdcx:resourceId="sword-mets-manif-1"><epdcx:statement epdcx:propertyURI="http://purl.org/dc/elements/1.1/type" epdcx:vesURI="http://purl.org/eprint/terms/Type" epdcx:valueURI="http://purl.org/eprint/entityType/Manifest"></epdcx:statement><epdcx:statement epdcx:propertyURI="http://opendepot.org/broker/elements/1.0/publication"><epdcx:valueString>RepositoryNet+</epdcx:valueString></epdcx:statement><epdcx:statement epdcx:propertyURI="http://purl.org/dc/elements/1.1/type" epdcx:valueURI="http://purl.org/eprint/accessRights/RestrictedAccess"></epdcx:statement></epdcx:description><epdcx:description epdcx:resourceId="YafflePicusviridis"><epdcx:statement epdcx:propertyURI="http://purl.org/dc/elements/1.1/Type" epdcx:vesURI="http://purl.org/dc/elements/1.1/Person"></epdcx:statement><epdcx:statement epdcx:propertyURI="http://purl.org/dc/elements/1.1/givenname"><epdcx:valueString>Yaffle</epdcx:valueString></epdcx:statement><epdcx:statement epdcx:propertyURI="http://purl.org/dc/elements/1.1/familyname"><epdcx:valueString>Picus viridis</epdcx:valueString></epdcx:statement><epdcx:statement epdcx:propertyURI="http://xmlns.com/foaf/0.1/mbox"><epdcx:valueString>support@ repositorynet.ac.uk</epdcx:valueString></epdcx:statement><epdcx:statement epdcx:propertyURI="http://purl.org/eprint/terms/affiliatedInstitution"><epdcx:valueString>UK RepositoryNet+, 160 Causewayside, Edinburgh. EH9 1PR. United Kingdom</epdcx:valueString></epdcx:statement><epdcx:statement epdcx:propertyURI="http://xmlns.com/foaf/0.1/fundedBy"><epdcx:valueString>UK RepositoryNet+</epdcx:valueString></epdcx:statement><epdcx:statement epdcx:propertyURI="http://opendepot.org/reference/linked/1.0/identifier"><epdcx:valueString>24442</epdcx:valueString></epdcx:statement></epdcx:description><epdcx:description epdcx:resourceId="IanStuart"><epdcx:statement epdcx:propertyURI="http://purl.org/dc/elements/1.1/Type" epdcx:vesURI="http://purl.org/dc/elements/1.1/Person"></epdcx:statement><epdcx:statement epdcx:propertyURI="http://purl.org/dc/elements/1.1/givenname"><epdcx:valueString>Ian</epdcx:valueString></epdcx:statement><epdcx:statement epdcx:propertyURI="http://purl.org/dc/elements/1.1/familyname"><epdcx:valueString>Stuart</epdcx:valueString></epdcx:statement><epdcx:statement epdcx:propertyURI="http://xmlns.com/foaf/0.1/mbox"><epdcx:valueString>Ian.Stuart@ ed.ac.uk</epdcx:valueString></epdcx:statement><epdcx:statement epdcx:propertyURI="http://purl.org/eprint/terms/affiliatedInstitution"><epdcx:valueString>EDINA, 160 Causewayside, Edinburgh. EH9 1PR. United Kingdom</epdcx:valueString></epdcx:statement><epdcx:statement epdcx:propertyURI="http://xmlns.com/foaf/0.1/fundedBy"><epdcx:valueString>EDINA</epdcx:valueString></epdcx:statement><epdcx:statement epdcx:propertyURI="http://opendepot.org/reference/linked/1.0/identifier"><epdcx:valueString>3199</epdcx:valueString></epdcx:statement></epdcx:description></epdcx:descriptionSet></xmlData></mdWrap></dmdSec><amdSec ID="sword-mets-adm-1"><rightsMD ID="sword-mets-amdRights-1"><mdWrap MDTYPE="OTHER" OTHERMDTYPE="RJ-BROKER"><xmlData><epdcx:descriptionSet xsi:schemaLocation="http://purl.org/eprint/epdcx/2006-11-16/ http://purl.org/eprint/epdcx/xsd/2006-11-16/epdcx.xsd http://opendepot.org/broker/xsd/1.0 http://opendepot.org/broker/xsd/1.0/oarj.xsd" xmlns:epdcx="http://purl.org/eprint/epdcx/2006-11-16/" xmlns:oarj="http://opendepot.org/broker/xsd/1.0"><epdcx:description epdcx:resourceId="sword-mets-div-4" epdcx:resourceURI="http://devel.edina.ac.uk:1203/337/"><epdcx:statement epdcx:propertyURI="http://purl.org/dc/terms/accessRights" epdcx:vesURI="http://purl.org/eprint/terms/accessRights" epdcx:valueRef="http://purl.org/eprint/accessRights/RestrictedAccess"></epdcx:statement><epdcx:statement epdcx:propertyURI="http://purl.org/dc/terms/available"><epdcx:valueString epdcx:sesURI="http://purl.org/dc/terms/W3CDTF">2013-07-10</epdcx:valueString></epdcx:statement></epdcx:description><epdcx:description epdcx:resourceId="sword-mets-div-3" epdcx:resourceURI="http://devel.edina.ac.uk:1203/337/"><epdcx:statement epdcx:propertyURI="http://purl.org/dc/terms/accessRights" epdcx:vesURI="http://purl.org/eprint/terms/accessRights" epdcx:valueRef="http://purl.org/eprint/accessRights/RestrictedAccess"></epdcx:statement><epdcx:statement epdcx:propertyURI="http://purl.org/dc/terms/available"><epdcx:valueString epdcx:sesURI="http://purl.org/dc/terms/W3CDTF">2013-07-10</epdcx:valueString></epdcx:statement></epdcx:description><epdcx:description epdcx:resourceId="sword-mets-div-2" epdcx:resourceURI="http://devel.edina.ac.uk:1203/337/"><epdcx:statement epdcx:propertyURI="http://purl.org/dc/terms/accessRights" epdcx:vesURI="http://purl.org/eprint/terms/accessRights" epdcx:valueRef="http://purl.org/eprint/accessRights/RestrictedAccess"></epdcx:statement><epdcx:statement epdcx:propertyURI="http://purl.org/dc/terms/available"><epdcx:valueString epdcx:sesURI="http://purl.org/dc/terms/W3CDTF">2013-07-10</epdcx:valueString></epdcx:statement></epdcx:description></epdcx:descriptionSet></xmlData></mdWrap></rightsMD></amdSec><fileSec ID="sword-mets-file-1"><fileGrp ID="sword-mets-fgrp-1" USE="CONTENT"><file ID="eprint-337-document-796-0" GROUPID="sword-mets-fgid-796" SIZE="3670383" OWNERID="http://devel.edina.ac.uk:1203/337/" MIMETYPE="image/gif"><FLocat LOCTYPE="URL" xlink:type="simple" xlink:href="796/Spectator_safety.gif"></FLocat></file><file ID="eprint-337-document-797-0" GROUPID="sword-mets-fgid-797" SIZE="11323" OWNERID="http://devel.edina.ac.uk:1203/337/" MIMETYPE="application/pdf"><FLocat LOCTYPE="URL" xlink:type="simple" xlink:href="797/pdf3.pdf"></FLocat></file><file ID="eprint-337-document-797-1" GROUPID="sword-mets-fgid-797" SIZE="10752" OWNERID="http://devel.edina.ac.uk:1203/337/" MIMETYPE="text/xml"><FLocat LOCTYPE="URL" xlink:type="simple" xlink:href="797/mets.xml"></FLocat></file><file ID="eprint-337-document-797-2" GROUPID="sword-mets-fgid-797" SIZE="11287" OWNERID="http://devel.edina.ac.uk:1203/337/" MIMETYPE="application/pdf"><FLocat LOCTYPE="URL" xlink:type="simple" xlink:href="797/pdf2.pdf"></FLocat></file><file ID="eprint-337-document-797-3" GROUPID="sword-mets-fgid-797" SIZE="11083" OWNERID="http://devel.edina.ac.uk:1203/337/" MIMETYPE="application/pdf"><FLocat LOCTYPE="URL" xlink:type="simple" xlink:href="797/pdf1.pdf"></FLocat></file><file ID="eprint-337-document-798-0" GROUPID="sword-mets-fgid-798" SIZE="3702838" OWNERID="http://devel.edina.ac.uk:1203/337/" MIMETYPE="application/zip"><FLocat LOCTYPE="URL" xlink:type="simple" xlink:href="798/repnet_test_package.zip"></FLocat></file></fileGrp></fileSec><structMap ID="sword-mets-struct-1" LABEL="structure" TYPE="LOGICAL"><div ID="sword-mets-div-1" DMDID="sword-mets-dmd-eprint-337" TYPE="SWORD Object"><div ID="sword-mets-div-2"><fptr FILEID="eprint-337-document-796-0"></fptr></div><div ID="sword-mets-div-3"><fptr FILEID="eprint-337-document-797-1"></fptr><fptr FILEID="eprint-337-document-797-0"></fptr><fptr FILEID="eprint-337-document-797-2"></fptr><fptr FILEID="eprint-337-document-797-3"></fptr></div><div ID="sword-mets-div-4"><fptr FILEID="eprint-337-document-798-0"></fptr></div></div></structMap></mets>